{
  "generated_at": "2026-05-16T16:22:40.996957+00:00",
  "python": "3.12.9",
  "mode": "plugged",
  "device": "cuda:0",
  "device_name": "NVIDIA GeForce RTX 4050 Laptop GPU",
  "cuda_available": true,
  "cuda_version": "12.4",
  "seed": 14,
  "dim": 128,
  "batch": 64,
  "trials": 100,
  "stress_low": 0.18,
  "stress_high": 0.86,
  "stress_threshold": 0.62,
  "ood_threshold": 0.55,
  "tolerance_profile": "standard",
  "tolerance_shift": 0.0,
  "elapsed_ms": 273.91,
  "route_accuracy": 0.9,
  "tapout_rate": 0.2,
  "inferred_stress": {
    "runs": 100,
    "value_min": 0.37706604,
    "value_mean": 0.75649086,
    "value_median": 1.0,
    "value_max": 1.0,
    "value_stdev": 0.29979761
  },
  "ood_score": {
    "runs": 100,
    "value_min": 0.0,
    "value_mean": 0.13586813,
    "value_median": 0.0,
    "value_max": 0.7362864,
    "value_stdev": 0.27370798
  },
  "strategies": {
    "nurture": {
      "overall": {
        "runs": 100,
        "mse_min": 0.00422725,
        "mse_mean": 0.45770299,
        "mse_median": 0.34477941,
        "mse_max": 2.37342405,
        "mse_stdev": 0.66463084
      },
      "calm": {
        "runs": 50,
        "mse_min": 0.00422725,
        "mse_mean": 0.04066809,
        "mse_median": 0.00438008,
        "mse_max": 0.18980895,
        "mse_stdev": 0.07337462
      },
      "stress": {
        "runs": 50,
        "mse_min": 0.49974987,
        "mse_mean": 0.87473788,
        "mse_median": 0.5161612,
        "mse_max": 2.37342405,
        "mse_stdev": 0.72949608
      },
      "failure_rate": 0.6
    },
    "sentinel": {
      "overall": {
        "runs": 100,
        "mse_min": 0.01067439,
        "mse_mean": 0.10101574,
        "mse_median": 0.07448134,
        "mse_max": 0.3414354,
        "mse_stdev": 0.11981766
      },
      "calm": {
        "runs": 50,
        "mse_min": 0.01067439,
        "mse_mean": 0.07575647,
        "mse_median": 0.01128384,
        "mse_max": 0.3414354,
        "mse_stdev": 0.1303934
      },
      "stress": {
        "runs": 50,
        "mse_min": 0.07267358,
        "mse_mean": 0.126275,
        "mse_median": 0.07539254,
        "mse_max": 0.33902746,
        "mse_stdev": 0.10344558
      },
      "failure_rate": 0.2
    },
    "oracle_router": {
      "overall": {
        "runs": 100,
        "mse_min": 0.00422725,
        "mse_mean": 0.08347155,
        "mse_median": 0.07448134,
        "mse_max": 0.33902746,
        "mse_stdev": 0.09905462
      },
      "calm": {
        "runs": 50,
        "mse_min": 0.00422725,
        "mse_mean": 0.04066809,
        "mse_median": 0.00438008,
        "mse_max": 0.18980895,
        "mse_stdev": 0.07337462
      },
      "stress": {
        "runs": 50,
        "mse_min": 0.07267358,
        "mse_mean": 0.126275,
        "mse_median": 0.07539254,
        "mse_max": 0.33902746,
        "mse_stdev": 0.10344558
      },
      "failure_rate": 0.2
    },
    "inferred_router": {
      "overall": {
        "runs": 100,
        "mse_min": 0.00549397,
        "mse_mean": 0.09906522,
        "mse_median": 0.07448134,
        "mse_max": 0.3414354,
        "mse_stdev": 0.12130941
      },
      "calm": {
        "runs": 50,
        "mse_min": 0.00549397,
        "mse_mean": 0.07185543,
        "mse_median": 0.00639227,
        "mse_max": 0.3414354,
        "mse_stdev": 0.13236434
      },
      "stress": {
        "runs": 50,
        "mse_min": 0.07267358,
        "mse_mean": 0.126275,
        "mse_median": 0.07539254,
        "mse_max": 0.33902746,
        "mse_stdev": 0.10344558
      },
      "failure_rate": 0.2
    },
    "tapout_router": {
      "overall": {
        "runs": 100,
        "mse_min": 0.00549397,
        "mse_mean": 0.04096535,
        "mse_median": 0.0420775,
        "mse_max": 0.07810896,
        "mse_stdev": 0.0309144
      },
      "calm": {
        "runs": 50,
        "mse_min": 0.00549397,
        "mse_mean": 0.0134805,
        "mse_median": 0.00639227,
        "mse_max": 0.04304618,
        "mse_stdev": 0.01442559
      },
      "stress": {
        "runs": 50,
        "mse_min": 0.04042252,
        "mse_mean": 0.06845019,
        "mse_median": 0.07467752,
        "mse_max": 0.07810896,
        "mse_stdev": 0.01345885
      },
      "failure_rate": 0.0
    }
  },
  "comparison": {
    "inferred_vs_nurture_stress": 6.92724491,
    "inferred_vs_sentinel_calm": 1.0542901,
    "inferred_vs_best_fixed_overall": 1.01968925,
    "inferred_vs_oracle_overall": 0.84259185,
    "inferred_failure_rate": 0.2,
    "tapout_vs_inferred_overall": 2.41826887,
    "tapout_failure_rate": 0.0
  }
}