{
  "generated_at": "2026-05-16T16:28:07.576987+00:00",
  "python": "3.12.9",
  "mode": "plugged",
  "device": "cuda:0",
  "device_name": "NVIDIA GeForce RTX 4050 Laptop GPU",
  "cuda_available": true,
  "cuda_version": "12.4",
  "seed": 77,
  "dim": 128,
  "batch": 64,
  "trials": 100,
  "stress_low": 0.18,
  "stress_high": 0.86,
  "stress_threshold": 0.62,
  "ood_threshold": 0.55,
  "tolerance_profile": "low-tolerance",
  "tolerance_shift": -0.22,
  "elapsed_ms": 235.426,
  "route_accuracy": 0.9,
  "tapout_rate": 0.2,
  "inferred_stress": {
    "runs": 100,
    "value_min": 0.34675803,
    "value_mean": 0.74634839,
    "value_median": 1.0,
    "value_max": 1.0,
    "value_stdev": 0.31227699
  },
  "ood_score": {
    "runs": 100,
    "value_min": 0.0,
    "value_mean": 0.17643438,
    "value_median": 0.0,
    "value_max": 0.93409117,
    "value_stdev": 0.35483627
  },
  "strategies": {
    "nurture": {
      "overall": {
        "runs": 100,
        "mse_min": 0.00416871,
        "mse_mean": 0.45209906,
        "mse_median": 0.328944,
        "mse_max": 2.38466525,
        "mse_stdev": 0.67096188
      },
      "calm": {
        "runs": 50,
        "mse_min": 0.00416871,
        "mse_mean": 0.04072595,
        "mse_median": 0.00433466,
        "mse_max": 0.18892726,
        "mse_stdev": 0.07356758
      },
      "stress": {
        "runs": 50,
        "mse_min": 0.46896073,
        "mse_mean": 0.86347218,
        "mse_median": 0.49511507,
        "mse_max": 2.38466525,
        "mse_stdev": 0.74752398
      },
      "failure_rate": 0.6
    },
    "sentinel": {
      "overall": {
        "runs": 100,
        "mse_min": 0.01055799,
        "mse_mean": 0.1000287,
        "mse_median": 0.07123682,
        "mse_max": 0.34049985,
        "mse_stdev": 0.12101442
      },
      "calm": {
        "runs": 50,
        "mse_min": 0.01055799,
        "mse_mean": 0.07579407,
        "mse_median": 0.01097853,
        "mse_max": 0.33977827,
        "mse_stdev": 0.13103081
      },
      "stress": {
        "runs": 50,
        "mse_min": 0.06832632,
        "mse_mean": 0.12426333,
        "mse_median": 0.07205746,
        "mse_max": 0.34049985,
        "mse_stdev": 0.10592528
      },
      "failure_rate": 0.2
    },
    "oracle_router": {
      "overall": {
        "runs": 100,
        "mse_min": 0.00416871,
        "mse_mean": 0.08249464,
        "mse_median": 0.07123682,
        "mse_max": 0.34049985,
        "mse_stdev": 0.0999721
      },
      "calm": {
        "runs": 50,
        "mse_min": 0.00416871,
        "mse_mean": 0.04072595,
        "mse_median": 0.00433466,
        "mse_max": 0.18892726,
        "mse_stdev": 0.07356758
      },
      "stress": {
        "runs": 50,
        "mse_min": 0.06832632,
        "mse_mean": 0.12426333,
        "mse_median": 0.07205746,
        "mse_max": 0.34049985,
        "mse_stdev": 0.10592528
      },
      "failure_rate": 0.2
    },
    "inferred_router": {
      "overall": {
        "runs": 100,
        "mse_min": 0.00416871,
        "mse_mean": 0.09767048,
        "mse_median": 0.07123682,
        "mse_max": 0.34049985,
        "mse_stdev": 0.12279012
      },
      "calm": {
        "runs": 50,
        "mse_min": 0.00416871,
        "mse_mean": 0.07107763,
        "mse_median": 0.00519711,
        "mse_max": 0.33977827,
        "mse_stdev": 0.13341342
      },
      "stress": {
        "runs": 50,
        "mse_min": 0.06832632,
        "mse_mean": 0.12426333,
        "mse_median": 0.07205746,
        "mse_max": 0.34049985,
        "mse_stdev": 0.10592528
      },
      "failure_rate": 0.2
    },
    "tapout_router": {
      "overall": {
        "runs": 100,
        "mse_min": 0.00416871,
        "mse_mean": 0.03915104,
        "mse_median": 0.04206266,
        "mse_max": 0.074553,
        "mse_stdev": 0.03006788
      },
      "calm": {
        "runs": 50,
        "mse_min": 0.00416871,
        "mse_mean": 0.01245956,
        "mse_median": 0.00519711,
        "mse_max": 0.04263378,
        "mse_stdev": 0.01498593
      },
      "stress": {
        "runs": 50,
        "mse_min": 0.04090306,
        "mse_mean": 0.06584253,
        "mse_median": 0.07150793,
        "mse_max": 0.074553,
        "mse_stdev": 0.01216871
      },
      "failure_rate": 0.0
    }
  },
  "comparison": {
    "inferred_vs_nurture_stress": 6.94872855,
    "inferred_vs_sentinel_calm": 1.0663563,
    "inferred_vs_best_fixed_overall": 1.0241447,
    "inferred_vs_oracle_overall": 0.84462206,
    "inferred_failure_rate": 0.2,
    "tapout_vs_inferred_overall": 2.4947096,
    "tapout_failure_rate": 0.0
  }
}