{
  "generated_at": "2026-05-15T15:13:36.730537+00:00",
  "python": "3.12.9",
  "mode": "battery",
  "device": "cpu",
  "device_name": "CPU",
  "cuda_available": true,
  "dim": 128,
  "batch": 8,
  "passes": 14,
  "noise": 0.75,
  "step_size": 0.18,
  "warmups": 3,
  "runs": 10,
  "recurrent": {
    "parameters": 129,
    "summary_latency": {
      "runs": 10,
      "elapsed_ms_min": 0.306,
      "elapsed_ms_mean": 0.7028,
      "elapsed_ms_median": 0.746,
      "elapsed_ms_max": 1.212
    },
    "summary_final_mse": {
      "runs": 10,
      "final_mse_min": 0.002152,
      "final_mse_mean": 0.002152,
      "final_mse_median": 0.002152,
      "final_mse_max": 0.002152
    },
    "summary_improvement": {
      "runs": 10,
      "improvement_ratio_min": 258.947796,
      "improvement_ratio_mean": 258.947796,
      "improvement_ratio_median": 258.947796,
      "improvement_ratio_max": 258.947796
    },
    "example_trajectory_mse": [
      0.37462509,
      0.2518979,
      0.16937615,
      0.11388852,
      0.07657864,
      0.05149148,
      0.03462287,
      0.02328042,
      0.01565375,
      0.01052558,
      0.0070774,
      0.00475884,
      0.00319985,
      0.00215158
    ],
    "runs": [
      {
        "elapsed_ms": 0.957,
        "initial_mse": 0.55714619,
        "final_mse": 0.00215158,
        "improvement_ratio": 258.947796,
        "trajectory_mse": [
          0.37462509,
          0.2518979,
          0.16937615,
          0.11388852,
          0.07657864,
          0.05149148,
          0.03462287,
          0.02328042,
          0.01565375,
          0.01052558,
          0.0070774,
          0.00475884,
          0.00319985,
          0.00215158
        ]
      },
      {
        "elapsed_ms": 1.212,
        "initial_mse": 0.55714619,
        "final_mse": 0.00215158,
        "improvement_ratio": 258.947796,
        "trajectory_mse": [
          0.37462509,
          0.2518979,
          0.16937615,
          0.11388852,
          0.07657864,
          0.05149148,
          0.03462287,
          0.02328042,
          0.01565375,
          0.01052558,
          0.0070774,
          0.00475884,
          0.00319985,
          0.00215158
        ]
      },
      {
        "elapsed_ms": 1.009,
        "initial_mse": 0.55714619,
        "final_mse": 0.00215158,
        "improvement_ratio": 258.947796,
        "trajectory_mse": [
          0.37462509,
          0.2518979,
          0.16937615,
          0.11388852,
          0.07657864,
          0.05149148,
          0.03462287,
          0.02328042,
          0.01565375,
          0.01052558,
          0.0070774,
          0.00475884,
          0.00319985,
          0.00215158
        ]
      },
      {
        "elapsed_ms": 0.73,
        "initial_mse": 0.55714619,
        "final_mse": 0.00215158,
        "improvement_ratio": 258.947796,
        "trajectory_mse": [
          0.37462509,
          0.2518979,
          0.16937615,
          0.11388852,
          0.07657864,
          0.05149148,
          0.03462287,
          0.02328042,
          0.01565375,
          0.01052558,
          0.0070774,
          0.00475884,
          0.00319985,
          0.00215158
        ]
      },
      {
        "elapsed_ms": 0.939,
        "initial_mse": 0.55714619,
        "final_mse": 0.00215158,
        "improvement_ratio": 258.947796,
        "trajectory_mse": [
          0.37462509,
          0.2518979,
          0.16937615,
          0.11388852,
          0.07657864,
          0.05149148,
          0.03462287,
          0.02328042,
          0.01565375,
          0.01052558,
          0.0070774,
          0.00475884,
          0.00319985,
          0.00215158
        ]
      },
      {
        "elapsed_ms": 0.762,
        "initial_mse": 0.55714619,
        "final_mse": 0.00215158,
        "improvement_ratio": 258.947796,
        "trajectory_mse": [
          0.37462509,
          0.2518979,
          0.16937615,
          0.11388852,
          0.07657864,
          0.05149148,
          0.03462287,
          0.02328042,
          0.01565375,
          0.01052558,
          0.0070774,
          0.00475884,
          0.00319985,
          0.00215158
        ]
      },
      {
        "elapsed_ms": 0.393,
        "initial_mse": 0.55714619,
        "final_mse": 0.00215158,
        "improvement_ratio": 258.947796,
        "trajectory_mse": [
          0.37462509,
          0.2518979,
          0.16937615,
          0.11388852,
          0.07657864,
          0.05149148,
          0.03462287,
          0.02328042,
          0.01565375,
          0.01052558,
          0.0070774,
          0.00475884,
          0.00319985,
          0.00215158
        ]
      },
      {
        "elapsed_ms": 0.386,
        "initial_mse": 0.55714619,
        "final_mse": 0.00215158,
        "improvement_ratio": 258.947796,
        "trajectory_mse": [
          0.37462509,
          0.2518979,
          0.16937615,
          0.11388852,
          0.07657864,
          0.05149148,
          0.03462287,
          0.02328042,
          0.01565375,
          0.01052558,
          0.0070774,
          0.00475884,
          0.00319985,
          0.00215158
        ]
      },
      {
        "elapsed_ms": 0.334,
        "initial_mse": 0.55714619,
        "final_mse": 0.00215158,
        "improvement_ratio": 258.947796,
        "trajectory_mse": [
          0.37462509,
          0.2518979,
          0.16937615,
          0.11388852,
          0.07657864,
          0.05149148,
          0.03462287,
          0.02328042,
          0.01565375,
          0.01052558,
          0.0070774,
          0.00475884,
          0.00319985,
          0.00215158
        ]
      },
      {
        "elapsed_ms": 0.306,
        "initial_mse": 0.55714619,
        "final_mse": 0.00215158,
        "improvement_ratio": 258.947796,
        "trajectory_mse": [
          0.37462509,
          0.2518979,
          0.16937615,
          0.11388852,
          0.07657864,
          0.05149148,
          0.03462287,
          0.02328042,
          0.01565375,
          0.01052558,
          0.0070774,
          0.00475884,
          0.00319985,
          0.00215158
        ]
      }
    ]
  },
  "one_pass": {
    "parameters": 129,
    "summary_latency": {
      "runs": 10,
      "elapsed_ms_min": 0.069,
      "elapsed_ms_mean": 0.0739,
      "elapsed_ms_median": 0.073,
      "elapsed_ms_max": 0.08
    },
    "summary_final_mse": {
      "runs": 10,
      "final_mse_min": 0.374625,
      "final_mse_mean": 0.374625,
      "final_mse_median": 0.374625,
      "final_mse_max": 0.374625
    },
    "summary_improvement": {
      "runs": 10,
      "improvement_ratio_min": 1.48721,
      "improvement_ratio_mean": 1.48721,
      "improvement_ratio_median": 1.48721,
      "improvement_ratio_max": 1.48721
    },
    "runs": [
      {
        "elapsed_ms": 0.079,
        "initial_mse": 0.55714619,
        "final_mse": 0.37462509,
        "improvement_ratio": 1.48721,
        "trajectory_mse": [
          0.37462509
        ]
      },
      {
        "elapsed_ms": 0.072,
        "initial_mse": 0.55714619,
        "final_mse": 0.37462509,
        "improvement_ratio": 1.48721,
        "trajectory_mse": [
          0.37462509
        ]
      },
      {
        "elapsed_ms": 0.078,
        "initial_mse": 0.55714619,
        "final_mse": 0.37462509,
        "improvement_ratio": 1.48721,
        "trajectory_mse": [
          0.37462509
        ]
      },
      {
        "elapsed_ms": 0.07,
        "initial_mse": 0.55714619,
        "final_mse": 0.37462509,
        "improvement_ratio": 1.48721,
        "trajectory_mse": [
          0.37462509
        ]
      },
      {
        "elapsed_ms": 0.069,
        "initial_mse": 0.55714619,
        "final_mse": 0.37462509,
        "improvement_ratio": 1.48721,
        "trajectory_mse": [
          0.37462509
        ]
      },
      {
        "elapsed_ms": 0.08,
        "initial_mse": 0.55714619,
        "final_mse": 0.37462509,